barcodes,transfer_subset,subclass.l1,class,substructure
1,AAACCGGGTAGGTACC-1,MDC,IMM,immune cells,interstitium
2,AAACTTGCAAACGTAT-1,dM-TAL,TAL,epithelial cells,Distal tubules
3,AAATAGCTTAGACTTT-1,MYOF,FIB,stroma cells,interstitium
4,AAATTCCAGGTCCAAA-1,MYOF,FIB,stroma cells,interstitium
5,AACACGAGACGCGGCC-1,dM-TAL,TAL,epithelial cells,Distal tubules
6,AACCCTACTGTCAATA-1,PT-S3,PT,epithelial cells,proximal tubules
7,AACCTGTCACGGAATT-1,dFIB,FIB,stroma cells,interstitium
8,AACGTGCGAAAGTCTC-1,dPT,PT,epithelial cells,proximal tubules
9,AACTCAAGTTAATTGC-1,dPT,PT,epithelial cells,proximal tubules
10,AACTCTCAATAGAGCG-1,EC-DVR,EC,endothelial cells,vessels
11,AAGAGGCATGGATCGC-1,C-TAL,TAL,epithelial cells,Distal tubules
12,AAGGATCGATCGCTTG-1,dM-TAL,TAL,epithelial cells,Distal tubules
13,AAGGCAGGCTGTCTCC-1,MYOF,FIB,stroma cells,interstitium
14,AAGTGACGACCGAATT-1,dM-TAL,TAL,epithelial cells,Distal tubules
15,AAGTTCGGCCAACAGG-1,dPT,PT,epithelial cells,proximal tubules
16,AATCGCCTCAGCGCCA-1,C-TAL,TAL,epithelial cells,Distal tubules
17,AATCGCGCAGAGGACT-1,dPT,PT,epithelial cells,proximal tubules
18,AATTAAAGGTCGGCGT-1,C-TAL,TAL,epithelial cells,Distal tubules
19,ACAATAGTCGTACGTT-1,dM-TAL,TAL,epithelial cells,Distal tubules
20,ACACCTTACTACTTGC-1,aFIB,FIB,stroma cells,interstitium
21,ACATCGATCGTTTACC-1,M-TAL,TAL,epithelial cells,Distal tubules
22,ACATCGGTCAGCCGCG-1,dCNT,CNT,epithelial cells,Collecting tubules
23,ACATGGCGCCAAAGTA-1,MYOF,FIB,stroma cells,interstitium
24,ACCACCAATGTAACAA-1,VSMC/P,VSM/P,stroma cells,interstitium
25,ACCATATCCGCAATAA-1,C-TAL,TAL,epithelial cells,Distal tubules
26,ACCATCGTATATGGTA-1,dPT,PT,epithelial cells,proximal tubules
27,ACCCGGTTACACTTCC-1,C-TAL,TAL,epithelial cells,Distal tubules
28,ACCGATGGTAGCATCG-1,EC-DVR,EC,endothelial cells,vessels
29,ACCTACAGTATGTGGT-1,MYOF,FIB,stroma cells,interstitium
30,ACCTGCGTGTCATGTT-1,dPT/DTL,PT,epithelial cells,proximal tubules
31,ACGATGCATATGTTAT-1,dPT,PT,epithelial cells,proximal tubules
32,ACGCGCTACACAGGGT-1,dM-TAL,TAL,epithelial cells,Distal tubules
33,ACGGGAGTGTCGGCCC-1,dPT,PT,epithelial cells,proximal tubules
34,ACGTTAATGTCGAAGA-1,M-TAL,TAL,epithelial cells,Distal tubules
35,ACGTTAGATTTGCCCG-1,DCT,DCT,epithelial cells,Distal tubules
36,ACTATCCAGGGCATGG-1,dM-TAL,TAL,epithelial cells,Distal tubules
37,ACTCGCGATCTGACGC-1,VSMC,VSM/P,stroma cells,interstitium
38,ACTCGTCAGTAATCCC-1,aPT,PT,epithelial cells,proximal tubules
39,ACTCTCTGACTTAGGT-1,C-TAL,TAL,epithelial cells,Distal tubules
40,ACTCTTCAGCTCCCGC-1,dFIB,FIB,stroma cells,interstitium
41,ACTGCGGACACACCGT-1,dFIB,FIB,stroma cells,interstitium
42,ACTTATACTTACCCGG-1,C-TAL,TAL,epithelial cells,Distal tubules
43,ACTTATTAGGATCGGT-1,C-PC,PC,epithelial cells,Collecting tubules
44,ACTTGACTCCCTCTTT-1,dM-PC,PC,epithelial cells,Collecting tubules
45,AGAAGAGCGCCGTTCC-1,CNT,CNT,epithelial cells,Collecting tubules
46,AGAAGGTTGCCGAATT-1,dM-PC,PC,epithelial cells,Collecting tubules
47,AGATACCGGTGTTCAC-1,dPT,PT,epithelial cells,proximal tubules
48,AGATGATGGAGTCTGG-1,MYOF,FIB,stroma cells,interstitium
49,AGCAACATATCTTATT-1,C-TAL,TAL,epithelial cells,Distal tubules
50,AGCCCATACATGTAAG-1,dM-TAL,TAL,epithelial cells,Distal tubules
51,AGCCCTGTCGCACCGT-1,VSMC,VSM/P,stroma cells,interstitium
52,AGCGCTAGAGCGATGT-1,MYOF,FIB,stroma cells,interstitium
53,AGCTCTAGACGTTCCA-1,M-TAL,TAL,epithelial cells,Distal tubules
54,AGCTCTTCGTAACCTT-1,C-TAL,TAL,epithelial cells,Distal tubules
55,AGCTCTTTACTCAGTT-1,C-PC,PC,epithelial cells,Collecting tubules
56,AGCTTGATCTTAACTT-1,dPT,PT,epithelial cells,proximal tubules
57,AGGACGACCCATTAGA-1,C-TAL,TAL,epithelial cells,Distal tubules
58,AGGCCCTAGAACGCCA-1,dM-TAL,TAL,epithelial cells,Distal tubules
59,AGGGACCGGCTGCGTT-1,EC-DVR,EC,endothelial cells,vessels
60,AGGGCGAGCAGCTGAT-1,dM-TAL,TAL,epithelial cells,Distal tubules
61,AGGTATAATTGATAGT-1,MYOF,FIB,stroma cells,interstitium
62,AGGTATGCGGACATTA-1,MYOF,FIB,stroma cells,interstitium
63,AGGTCAGGTGAGAGTG-1,dPT/DTL,PT,epithelial cells,proximal tubules
64,AGGTTACACCATGCCG-1,dEC-PTC,EC,endothelial cells,vessels
65,AGGTTTCACACACCTT-1,PT-S3,PT,epithelial cells,proximal tubules
66,AGTCAACACCACCATC-1,PT-S3,PT,epithelial cells,proximal tubules
67,AGTCGACGGTCTCAAG-1,C-PC,PC,epithelial cells,Collecting tubules
68,AGTCGGCTCAACTTTA-1,dPT,PT,epithelial cells,proximal tubules
69,AGTCGGTTGCGTGAGA-1,EC-AVR,EC,endothelial cells,vessels
70,AGTGCTTGCACGAATA-1,aTAL1,TAL,epithelial cells,intermediate tubules
71,AGTTAAACACTTGCGA-1,PT-S1,PT,epithelial cells,proximal tubules
72,ATAAGTAGGGCGACTC-1,dM-PC,PC,epithelial cells,Collecting tubules
73,ATACGAAGGCTTTCCA-1,dFIB,FIB,stroma cells,interstitium
74,ATACGCCGGCGAAACC-1,dM-PC,PC,epithelial cells,Collecting tubules
75,ATAGGCGGCTATAGAA-1,dPT,PT,epithelial cells,proximal tubules
76,ATAGTGAAGCGTTCTC-1,dPT,PT,epithelial cells,proximal tubules
77,ATATCAACCTACAGAG-1,dPT,PT,epithelial cells,proximal tubules
78,ATATCGGTAGGGAGAT-1,dPT,PT,epithelial cells,proximal tubules
79,ATATGTCTCCCTAGCC-1,dPT,PT,epithelial cells,proximal tubules
80,ATATTCAGTTAAACCT-1,dPT,PT,epithelial cells,proximal tubules
81,ATCAGACGGCACGCCG-1,dPT,PT,epithelial cells,proximal tubules
82,ATCAGGTAGCTGACAG-1,VSMC,VSM/P,stroma cells,interstitium
83,ATCATCCAATATTTGT-1,M-TAL,TAL,epithelial cells,Distal tubules
84,ATCCAATGGAGGGTCC-1,C-TAL,TAL,epithelial cells,Distal tubules
85,ATCCAGGATTCGTGAA-1,dM-TAL,TAL,epithelial cells,Distal tubules
86,ATCGACCCAATACAGA-1,M-TAL,TAL,epithelial cells,Distal tubules
87,ATCGCTTTACGTCTCA-1,dFIB,FIB,stroma cells,interstitium
88,ATGAGGGCAGCGGCTA-1,dPT,PT,epithelial cells,proximal tubules
89,ATGGAACCTTTGCACA-1,VSMC,VSM/P,stroma cells,interstitium
90,ATGGCGGAATAGTCGC-1,MYOF,FIB,stroma cells,interstitium
91,ATGTGAAAGCCTAATG-1,dPT,PT,epithelial cells,proximal tubules
92,ATGTTTCGGCCCGGAG-1,VSMC/P,VSM/P,stroma cells,interstitium
93,ATTAAACATGCGGACC-1,C-TAL,TAL,epithelial cells,Distal tubules
94,ATTACGCGCTGGCAGG-1,C-TAL,TAL,epithelial cells,Distal tubules
95,ATTAGGCGATGCTTTC-1,dPT,PT,epithelial cells,proximal tubules
96,ATTCGTGCTATCTCTT-1,MYOF,FIB,stroma cells,interstitium
97,ATTTGTCTTGGGAGCT-1,M-TAL,TAL,epithelial cells,Distal tubules
98,CAAATCTCTCACAAGG-1,aPT,PT,epithelial cells,proximal tubules
99,CAAGGATCGCATGTTC-1,dPT,PT,epithelial cells,proximal tubules
100,CAAGGTCCTATAGGCT-1,MYOF,FIB,stroma cells,interstitium
101,CAAGTGTGGTTGCAAA-1,dPT,PT,epithelial cells,proximal tubules
102,CAATGTGCCAACCCTT-1,MYOF,FIB,stroma cells,interstitium
103,CAATTTCGTATAAGGG-1,M-TAL,TAL,epithelial cells,Distal tubules
104,CACAATGAGCTGCTAT-1,M-TAL,TAL,epithelial cells,Distal tubules
105,CACATGATTCAGCAAC-1,M-TAL,TAL,epithelial cells,Distal tubules
106,CACCCAAATCTTATGT-1,MYOF,FIB,stroma cells,interstitium
107,CACCGTTGCGCGATAT-1,CNT,CNT,epithelial cells,Collecting tubules
108,CACGTTCGTGCTCTAG-1,C-TAL,TAL,epithelial cells,Distal tubules
109,CACTCAAGAGCTATGG-1,M-TAL,TAL,epithelial cells,Distal tubules
110,CAGCTGGCGTAACCGT-1,dPT,PT,epithelial cells,proximal tubules
111,CAGGACAGCTGCCCTT-1,aFIB,FIB,stroma cells,interstitium
112,CAGGCCGTTTGGGTGT-1,dPT,PT,epithelial cells,proximal tubules
113,CAGTACCAGTTTACGT-1,dM-TAL,TAL,epithelial cells,Distal tubules
114,CAGTCTGTATACTGGG-1,MDC,IMM,immune cells,interstitium
115,CATAACGGACAGTCGT-1,EC-DVR,EC,endothelial cells,vessels
116,CATACGGCGTCTGGGC-1,M-TAL,TAL,epithelial cells,Distal tubules
117,CATACTTAGGCAATAC-1,MYOF,FIB,stroma cells,interstitium
118,CATAGTCCACAAGAAC-1,tPC-IC,IC,epithelial cells,Collecting tubules
119,CATATAGGTACAGTCA-1,dPT,PT,epithelial cells,proximal tubules
120,CATATGTCAGGCTACG-1,dPT,PT,epithelial cells,proximal tubules
121,CATCGGACGGGTTAAT-1,C-TAL,TAL,epithelial cells,Distal tubules
122,CATGACTTCGCTGAAT-1,M-TAL,TAL,epithelial cells,Distal tubules
123,CATGCCAACTCGCAAA-1,dM-TAL,TAL,epithelial cells,Distal tubules
124,CCAATGTCACAGCAAG-1,PT-S3,PT,epithelial cells,proximal tubules
125,CCACACTGAGATATTA-1,C-PC,PC,epithelial cells,Collecting tubules
126,CCACCCAAGGAAAGTG-1,C-TAL,TAL,epithelial cells,Distal tubules
127,CCACGAATTTAACCTC-1,MYOF,FIB,stroma cells,interstitium
128,CCACGGAGCCATAAGA-1,dPT,PT,epithelial cells,proximal tubules
129,CCACGGTGCCCGGTAG-1,MYOF,FIB,stroma cells,interstitium
130,CCACGTAAATTAGACT-1,MYOF,FIB,stroma cells,interstitium
131,CCAGCCTGGACCAATA-1,EC-PTC,EC,endothelial cells,vessels
132,CCCAACATACGTCGCG-1,dPT,PT,epithelial cells,proximal tubules
133,CCCAATTTCACAACTT-1,dPT,PT,epithelial cells,proximal tubules
134,CCCAGTTAAGGCGCCG-1,dPT,PT,epithelial cells,proximal tubules
135,CCCGATAGCCTCGCCT-1,dFIB,FIB,stroma cells,interstitium
136,CCCGTAAGTCTAGGCC-1,dM-TAL,TAL,epithelial cells,Distal tubules
137,CCGAACACTGGGCCTC-1,dM-TAL,TAL,epithelial cells,Distal tubules
138,CCGCACAAAGACCAAC-1,DCT,DCT,epithelial cells,Distal tubules
139,CCGGCACGACCGTTTC-1,VSMC/P,VSM/P,stroma cells,interstitium
140,CCGGGCTGCTCCATAC-1,M-TAL,TAL,epithelial cells,Distal tubules
141,CCGGTAATGGCTAGTC-1,MYOF,FIB,stroma cells,interstitium
142,CCGTGAGGCATTCATG-1,MYOF,FIB,stroma cells,interstitium
143,CCTAAATTAACGGTTC-1,aTAL1,TAL,epithelial cells,intermediate tubules
144,CCTAGGCGTAGCGATC-1,C-TAL,TAL,epithelial cells,Distal tubules
145,CCTATGAAGTGGTGCC-1,dM-PC,PC,epithelial cells,Collecting tubules
146,CCTCGGACCGGGATAG-1,MDC,IMM,immune cells,interstitium
147,CCTGAACGATATATTC-1,M-TAL,TAL,epithelial cells,Distal tubules
148,CCTGGAAACGTTCTGC-1,EC-PTC,EC,endothelial cells,vessels
149,CCTGTAAGACATGATA-1,dPT,PT,epithelial cells,proximal tubules
150,CCTGTCCCTCACGTTA-1,MYOF,FIB,stroma cells,interstitium
151,CGAAACGCAATTCATG-1,C-TAL,TAL,epithelial cells,Distal tubules
152,CGACTTTGTATAGCCT-1,VSMC,VSM/P,stroma cells,interstitium
153,CGAGACCCTAGAGTGT-1,M-TAL,TAL,epithelial cells,Distal tubules
154,CGAGATTTCGCTCGGG-1,MYOF,FIB,stroma cells,interstitium
155,CGAGGGACTGCGGTCG-1,C-TAL,TAL,epithelial cells,Distal tubules
156,CGAGTACTAAAGAGGA-1,C-IC-A,IC,epithelial cells,Collecting tubules
157,CGAGTTTATCGGACTG-1,EC-AVR,EC,endothelial cells,vessels
158,CGATAATACTCAGGTT-1,dPT,PT,epithelial cells,proximal tubules
159,CGATACCTCGCGGACA-1,dPT,PT,epithelial cells,proximal tubules
160,CGATCCGACCCAGTGC-1,dM-PC,PC,epithelial cells,Collecting tubules
161,CGATCTGTTGGAGGAC-1,dPT,PT,epithelial cells,proximal tubules
162,CGCACATGTCCACTAC-1,CNT,CNT,epithelial cells,Collecting tubules
163,CGCATGGTGCGATGCT-1,dPT,PT,epithelial cells,proximal tubules
164,CGCCGCCCATGCCTGT-1,CNT,CNT,epithelial cells,Collecting tubules
165,CGCCGTCTACCCATCG-1,VSMC/P,VSM/P,stroma cells,interstitium
166,CGCCTGGCCTACGTAA-1,dM-TAL,TAL,epithelial cells,Distal tubules
167,CGCTACGGGACATTTA-1,dM-PC,PC,epithelial cells,Collecting tubules
168,CGCTATTCTTAGGCTC-1,M-TAL,TAL,epithelial cells,Distal tubules
169,CGCTTATTCCCGGTCG-1,dM-TAL,TAL,epithelial cells,Distal tubules
170,CGGAGCATGGCGATCC-1,C-TAL,TAL,epithelial cells,Distal tubules
171,CGGGCCTTCTTTGTAA-1,C-TAL,TAL,epithelial cells,Distal tubules
172,CGGTGCAGATAGAACG-1,dPT,PT,epithelial cells,proximal tubules
173,CGTCTTGAGTGTGACG-1,dFIB,FIB,stroma cells,interstitium
174,CGTGAAGTTAATTCAC-1,C-TAL,TAL,epithelial cells,Distal tubules
175,CGTGCAGACTGGGACA-1,C-TAL,TAL,epithelial cells,Distal tubules
176,CGTGCATTGTCGACGC-1,C-TAL,TAL,epithelial cells,Distal tubules
177,CGTTCATGGTGCGCGT-1,dPT,PT,epithelial cells,proximal tubules
178,CTAGATTTACGACGGC-1,M-TAL,TAL,epithelial cells,Distal tubules
179,CTAGGTCTGAAGGAAT-1,MYOF,FIB,stroma cells,interstitium
180,CTAGTCACGTCTTAAG-1,dPT,PT,epithelial cells,proximal tubules
181,CTATTTGGTTACGGAT-1,C-TAL,TAL,epithelial cells,Distal tubules
182,CTCACTTGGCTGGTAA-1,dPT,PT,epithelial cells,proximal tubules
183,CTCCGCCCACATGAGG-1,dPT,PT,epithelial cells,proximal tubules
184,CTCGGTACCACTGCTC-1,dPT,PT,epithelial cells,proximal tubules
185,CTCTACACTGGCGATT-1,dPT,PT,epithelial cells,proximal tubules
186,CTGCCATGCATCACAT-1,M-TAL,TAL,epithelial cells,Distal tubules
187,CTGCCTCATATGCAAC-1,dPT,PT,epithelial cells,proximal tubules
188,CTGGCGCACAGGTCTG-1,C-PC,PC,epithelial cells,Collecting tubules
189,CTGGGATAAATAATGG-1,aPT,PT,epithelial cells,proximal tubules
190,CTGGGATACGCTACCC-1,MYOF,FIB,stroma cells,interstitium
191,CTGGGCCTGCTATATC-1,dM-PC,PC,epithelial cells,Collecting tubules
192,CTGGTAACACATAGAA-1,CNT,CNT,epithelial cells,Collecting tubules
193,CTGGTTCGCGAGCTAC-1,VSMC,VSM/P,stroma cells,interstitium
194,CTGTACTTCTTAGCAT-1,M-TAL,TAL,epithelial cells,Distal tubules
195,CTGTGCAGGGTAGGTC-1,MAC-M2,IMM,immune cells,interstitium
196,CTTCGTAGATAGGTGA-1,dPT,PT,epithelial cells,proximal tubules
197,CTTCTATGTTGAAGTA-1,dM-PC,PC,epithelial cells,Collecting tubules
198,CTTGAGTTAGGGTAAT-1,PT-S3,PT,epithelial cells,proximal tubules
199,CTTGCAACCGCCTCCT-1,dM-TAL,TAL,epithelial cells,Distal tubules
200,CTTGTTGCTGAGTCAA-1,C-TAL,TAL,epithelial cells,Distal tubules
201,CTTTAGGAACACTGTT-1,C-PC,PC,epithelial cells,Collecting tubules
202,GAAACAGATGACCACC-1,PT-S2,PT,epithelial cells,proximal tubules
203,GAAATTGTCTCTATAA-1,dPT,PT,epithelial cells,proximal tubules
204,GAAGTCTCCCTAGCGA-1,C-TAL,TAL,epithelial cells,Distal tubules
205,GAAGTGATTTATCGTG-1,dPT,PT,epithelial cells,proximal tubules
206,GAATCTGAACATTCTC-1,C-TAL,TAL,epithelial cells,Distal tubules
207,GACAGCCAGACCTGAC-1,dPT,PT,epithelial cells,proximal tubules
208,GACCGACGTGAAAGCA-1,dVSMC,VSM/P,stroma cells,interstitium
209,GACCGTGCTGACGGTG-1,MAC-M2,IMM,immune cells,interstitium
210,GACGCTTGCTTCTAAA-1,dPT,PT,epithelial cells,proximal tubules
211,GACTCACCCACGTGAG-1,dM-TAL,TAL,epithelial cells,Distal tubules
212,GAGAGGGCGCGAGGTT-1,PT-S1,PT,epithelial cells,proximal tubules
213,GAGAGGTGCATTCTGG-1,dM-TAL,TAL,epithelial cells,Distal tubules
214,GAGCACGGCGCCTCTT-1,VSMC,VSM/P,stroma cells,interstitium
215,GAGGATAAACAGTGCT-1,dFIB,FIB,stroma cells,interstitium
216,GATAACTCGCACTGTG-1,DTL2,DTL,epithelial cells,intermediate tubules
217,GATACCGTGTCGGAGT-1,dFIB,FIB,stroma cells,interstitium
218,GATAGGATTAATTACA-1,dFIB,FIB,stroma cells,interstitium
219,GATAGGTGTCCCGGGC-1,MYOF,FIB,stroma cells,interstitium
220,GATATGAGACACTAAC-1,aPT,PT,epithelial cells,proximal tubules
221,GATCCGAATATAAGTG-1,dFIB,FIB,stroma cells,interstitium
222,GATCCGGGAATTAACA-1,M-TAL,TAL,epithelial cells,Distal tubules
223,GATCGTGACTGATATC-1,M-TAL,TAL,epithelial cells,Distal tubules
224,GATGCGTCCTGCATTC-1,DCT,DCT,epithelial cells,Distal tubules
225,GATGTTCAATCCACGA-1,dPT,PT,epithelial cells,proximal tubules
226,GATTACTGAATTTGGG-1,dPT,PT,epithelial cells,proximal tubules
227,GATTCGACGGTTCACG-1,dPT,PT,epithelial cells,proximal tubules
228,GCAACCACGGCCGCGT-1,dM-TAL,TAL,epithelial cells,Distal tubules
229,GCAACGGCTAGTTATG-1,dPT,PT,epithelial cells,proximal tubules
230,GCAAGAATTCCTTGGC-1,C-IC-A,IC,epithelial cells,Collecting tubules
231,GCAGACCCAGCACGTA-1,EC-DVR,EC,endothelial cells,vessels
232,GCAGATTAGGGATATC-1,dPT,PT,epithelial cells,proximal tubules
233,GCAGCACACAGCCCAG-1,N,IMM,immune cells,interstitium
234,GCAGCCTATATCACAT-1,T,IMM,immune cells,interstitium
235,GCATAGAGCACTCAGG-1,dPT,PT,epithelial cells,proximal tubules
236,GCATTTCCAAGGCTCC-1,dPT,PT,epithelial cells,proximal tubules
237,GCCACAATTTAAGGAC-1,dPT,PT,epithelial cells,proximal tubules
238,GCCCAGATGCTGGAGA-1,MYOF,FIB,stroma cells,interstitium
239,GCCGATTGGCCAAGCT-1,M-TAL,TAL,epithelial cells,Distal tubules
240,GCCGCACTCCGTTTCA-1,dPT,PT,epithelial cells,proximal tubules
241,GCCGGGTTAGGGTCGC-1,C-TAL,TAL,epithelial cells,Distal tubules
242,GCCGTGGAAGAAATGT-1,FIB,FIB,stroma cells,interstitium
243,GCGACATGTAAACATC-1,dM-PC,PC,epithelial cells,Collecting tubules
244,GCGAGAGTTGCGTCCA-1,dPT,PT,epithelial cells,proximal tubules
245,GCGAGCGCATGCTCCC-1,CNT,CNT,epithelial cells,Collecting tubules
246,GCGAGGCCCGAGCAGA-1,dPT,PT,epithelial cells,proximal tubules
247,GCGATTGTTAACGTTA-1,M-TAL,TAL,epithelial cells,Distal tubules
248,GCGCCGTTCCACGATA-1,C-TAL,TAL,epithelial cells,Distal tubules
249,GCGCTATGCCGAGGCA-1,aTAL1,TAL,epithelial cells,intermediate tubules
250,GCGGCTCTGACGTACC-1,dPT,PT,epithelial cells,proximal tubules
251,GCGTCTCTGCATTGGG-1,dPT,PT,epithelial cells,proximal tubules
252,GCGTGGTACTGGGTTA-1,dPT,PT,epithelial cells,proximal tubules
253,GCTACGACTTATTGGG-1,dPT,PT,epithelial cells,proximal tubules
254,GCTAGCACCTGGGCCA-1,MYOF,FIB,stroma cells,interstitium
255,GCTAGTAGAGCTTGTA-1,M-TAL,TAL,epithelial cells,Distal tubules
256,GCTCCGCTCGCTTCAG-1,MYOF,FIB,stroma cells,interstitium
257,GCTGAACTCTCCAGGG-1,MYOF,FIB,stroma cells,interstitium
258,GCTGAGGCGTGAGTAT-1,C-TAL,TAL,epithelial cells,Distal tubules
259,GCTGCACGGTTTCTTA-1,M-TAL,TAL,epithelial cells,Distal tubules
260,GCTGTTGCTACCGAAC-1,aPT,PT,epithelial cells,proximal tubules
261,GCTTAATGTAACTAAC-1,dPT,PT,epithelial cells,proximal tubules
262,GCTTACGTAGTTAGTA-1,aPT,PT,epithelial cells,proximal tubules
263,GCTTATGAAGCAGGAA-1,dPT,PT,epithelial cells,proximal tubules
264,GGAGACGACACCTTTG-1,PT-S1,PT,epithelial cells,proximal tubules
265,GGAGGCCGAAGTCGTC-1,MYOF,FIB,stroma cells,interstitium
266,GGATGACGCGAGTTTA-1,dPT,PT,epithelial cells,proximal tubules
267,GGATGTCCTTACCGCA-1,C-TAL,TAL,epithelial cells,Distal tubules
268,GGCAAATTACTTTACT-1,M-TAL,TAL,epithelial cells,Distal tubules
269,GGCCCGGAGCATGTCT-1,aFIB,FIB,stroma cells,interstitium
270,GGCGCATGAATTGATG-1,C-TAL,TAL,epithelial cells,Distal tubules
271,GGGAACGGGAGGTTAG-1,C-IC-A,IC,epithelial cells,Collecting tubules
272,GGGAGGATGCCCGAAA-1,C-PC,PC,epithelial cells,Collecting tubules
273,GGGATTTACCGCACCT-1,aTAL1,TAL,epithelial cells,intermediate tubules
274,GGGCCCGTCTTAAACA-1,C-TAL,TAL,epithelial cells,Distal tubules
275,GGGCCGGCCGAAGTAC-1,PT-S3,PT,epithelial cells,proximal tubules
276,GGGCGCAGCGTTACTC-1,MYOF,FIB,stroma cells,interstitium
277,GGGCGGGTTCCCTACG-1,dPT,PT,epithelial cells,proximal tubules
278,GGTACAAACATGCTAT-1,M-TAL,TAL,epithelial cells,Distal tubules
279,GGTATAGTGACACATA-1,dPT,PT,epithelial cells,proximal tubules
280,GGTCGTAAGCTCGCAC-1,dCNT,CNT,epithelial cells,Collecting tubules
281,GGTGATAAGGAGCAGT-1,aTAL1,TAL,epithelial cells,intermediate tubules
282,GGTGCTGGTACACATT-1,C-TAL,TAL,epithelial cells,Distal tubules
283,GGTTACCACCCTCGGG-1,C-IC-A,IC,epithelial cells,Collecting tubules
284,GGTTACCCGACACTTT-1,VSMC,VSM/P,stroma cells,interstitium
285,GGTTCTACTCGTCTGA-1,dM-PC,PC,epithelial cells,Collecting tubules
286,GTAAGTAACAGTCTGG-1,dM-PC,PC,epithelial cells,Collecting tubules
287,GTAAGTCCACACTCTA-1,VSMC,VSM/P,stroma cells,interstitium
288,GTACAGAGGCAAGGGT-1,MDC,IMM,immune cells,interstitium
289,GTAGCGGCTATACACT-1,DCT,DCT,epithelial cells,Distal tubules
290,GTATGTGGGTCTAGTT-1,dM-PC,PC,epithelial cells,Collecting tubules
291,GTCAAGCGGACTCGGG-1,PT-S3,PT,epithelial cells,proximal tubules
292,GTCATTAGAGCGAACG-1,dPT,PT,epithelial cells,proximal tubules
293,GTCGCGTAACCCGTTG-1,dM-TAL,TAL,epithelial cells,Distal tubules
294,GTCTATCTGAGTTTCT-1,dPT,PT,epithelial cells,proximal tubules
295,GTCTTGAGGAGCAGTG-1,dFIB,FIB,stroma cells,interstitium
296,GTGACCGCACACTACG-1,dPT,PT,epithelial cells,proximal tubules
297,GTGAGGACACTTAAGG-1,M-TAL,TAL,epithelial cells,Distal tubules
298,GTGCCATCACACGGTG-1,PT-S1,PT,epithelial cells,proximal tubules
299,GTGCCCGTTCGGATTC-1,MDC,IMM,immune cells,interstitium
300,GTGCCGCTTCAAAGGT-1,C-TAL,TAL,epithelial cells,Distal tubules
301,GTGCGTGTATATGAGC-1,DCT,DCT,epithelial cells,Distal tubules
302,GTGGACCAACCCGATT-1,dM-TAL,TAL,epithelial cells,Distal tubules
303,GTGGAGCATGTCGGCC-1,dFIB,FIB,stroma cells,interstitium
304,GTGGTTTCCGCCTTTC-1,DCT,DCT,epithelial cells,Distal tubules
305,GTGTTACTATGCGTCC-1,PT-S1,PT,epithelial cells,proximal tubules
306,GTTAAGTTAGAGTGGG-1,dFIB,FIB,stroma cells,interstitium
307,GTTACTTTGGGCCTAG-1,M-TAL,TAL,epithelial cells,Distal tubules
308,GTTCGCCATAAGTGCC-1,dPT,PT,epithelial cells,proximal tubules
309,GTTGAACCGGTTCCAT-1,dPT,PT,epithelial cells,proximal tubules
310,GTTGCGCTAACATTAC-1,MYOF,FIB,stroma cells,interstitium
311,GTTTCTGCAGTCTCCC-1,PT-S3,PT,epithelial cells,proximal tubules
312,GTTTGGCCCAAGTTAT-1,M-TAL,TAL,epithelial cells,Distal tubules
313,TAAAGACAACCCTTTA-1,MYOF,FIB,stroma cells,interstitium
314,TAACATACAATGTGGG-1,dPT,PT,epithelial cells,proximal tubules
315,TAACTCATCCGCGCGG-1,M-TAL,TAL,epithelial cells,Distal tubules
316,TACAACGCACAACTCA-1,C-TAL,TAL,epithelial cells,Distal tubules
317,TACATAGGCATACACC-1,M-TAL,TAL,epithelial cells,Distal tubules
318,TACATTTCTAACGTGC-1,C-TAL,TAL,epithelial cells,Distal tubules
319,TACCGGTCGTTTCCAT-1,C-IC-A,IC,epithelial cells,Collecting tubules
320,TACGCAGTTCTTTCCT-1,C-TAL,TAL,epithelial cells,Distal tubules
321,TACGCCATATTCTAAT-1,aTAL2,TAL,epithelial cells,intermediate tubules
322,TACGTGCAAGGTTCCT-1,dFIB,FIB,stroma cells,interstitium
323,TACGTTTACCGGCAAT-1,C-TAL,TAL,epithelial cells,Distal tubules
324,TACTTGTTAGTAGTCC-1,dM-TAL,TAL,epithelial cells,Distal tubules
325,TACTTTCCGCACGCCA-1,dM-PC,PC,epithelial cells,Collecting tubules
326,TAGACTACCTAGCGTT-1,MYOF,FIB,stroma cells,interstitium
327,TAGAGATCATGCAACT-1,MAC-M2,IMM,immune cells,interstitium
328,TAGCGTTGGGTCTTAC-1,dPT,PT,epithelial cells,proximal tubules
329,TAGGGAGCTTGGGATG-1,MYOF,FIB,stroma cells,interstitium
330,TAGGTGCTCGCCTAGC-1,C-TAL,TAL,epithelial cells,Distal tubules
331,TAGTCCGCAGAGAATG-1,dPT,PT,epithelial cells,proximal tubules
332,TAGTCTAACAACGAGA-1,dPT,PT,epithelial cells,proximal tubules
333,TATAGATGGTCGCAGT-1,MYOF,FIB,stroma cells,interstitium
334,TATCTACCACAGCGGG-1,M-TAL,TAL,epithelial cells,Distal tubules
335,TATGGTTAGTGGGAGA-1,ATL,ATL,epithelial cells,intermediate tubules
336,TATTGACATTTCTGCC-1,dPT,PT,epithelial cells,proximal tubules
337,TCAACGAGGAGACAAA-1,C-TAL,TAL,epithelial cells,Distal tubules
338,TCAAGAAATACTAGCT-1,aFIB,FIB,stroma cells,interstitium
339,TCACGTGCCCGATTCA-1,aTAL1,TAL,epithelial cells,intermediate tubules
340,TCCAACTTTAAATTCT-1,dPT,PT,epithelial cells,proximal tubules
341,TCCAGAGCACCGGTTC-1,dPT,PT,epithelial cells,proximal tubules
342,TCCCAAAGCCCTAAAT-1,MYOF,FIB,stroma cells,interstitium
343,TCCTAGCAAAGAAGCT-1,dPT,PT,epithelial cells,proximal tubules
344,TCCTCCTAAGACATTC-1,dPT,PT,epithelial cells,proximal tubules
345,TCCTCGGGCTGGGCTT-1,C-TAL,TAL,epithelial cells,Distal tubules
346,TCGAGACCAACACCGT-1,C-TAL,TAL,epithelial cells,Distal tubules
347,TCGCCGAAGTTGCGTC-1,C-IC-A,IC,epithelial cells,Collecting tubules
348,TCGGAGAGTATCGGGA-1,aPT,PT,epithelial cells,proximal tubules
349,TCGGGCCGTCGTGGTA-1,dM-TAL,TAL,epithelial cells,Distal tubules
350,TCGTGTCACGCTGACA-1,dM-TAL,TAL,epithelial cells,Distal tubules
351,TCTAGCAATCTCCGCC-1,dM-TAL,TAL,epithelial cells,Distal tubules
352,TCTGATCGGGTGCTAG-1,VSMC,VSM/P,stroma cells,interstitium
353,TCTGATTGGAAATGGA-1,dFIB,FIB,stroma cells,interstitium
354,TCTGCCAGAAACTGCA-1,M-TAL,TAL,epithelial cells,Distal tubules
355,TCTGGAGCGTAAGAGT-1,dFIB,FIB,stroma cells,interstitium
356,TCTGGCCGTTCAAGTT-1,MYOF,FIB,stroma cells,interstitium
357,TCTGGGTAGCGCTCAT-1,PT-S1,PT,epithelial cells,proximal tubules
358,TCTTAGAGCTCCAATT-1,EC-AVR,EC,endothelial cells,vessels
359,TCTTCGAATAGACGTT-1,aTAL1,TAL,epithelial cells,intermediate tubules
360,TCTTTAGCAGGCGAAC-1,EC-DVR,EC,endothelial cells,vessels
361,TGACAACGCATGTCGC-1,MYOF,FIB,stroma cells,interstitium
362,TGACGAATATTTCCCT-1,dM-TAL,TAL,epithelial cells,Distal tubules
363,TGACGATGCACTAGAA-1,VSMC/P,VSM/P,stroma cells,interstitium
364,TGAGAGATTTACCACG-1,dPT,PT,epithelial cells,proximal tubules
365,TGAGCCATACAGTCTC-1,dPT,PT,epithelial cells,proximal tubules
366,TGATCAGGGAACTGCT-1,dM-TAL,TAL,epithelial cells,Distal tubules
367,TGATTTATTAGCTGTG-1,dPT,PT,epithelial cells,proximal tubules
368,TGCAGAACTATATCGT-1,dM-TAL,TAL,epithelial cells,Distal tubules
369,TGCAGATCGTCCTAGG-1,PT-S1,PT,epithelial cells,proximal tubules
370,TGCAGTTTCCTCCCAT-1,dPT,PT,epithelial cells,proximal tubules
371,TGCCAAAGTCAGACTT-1,dPT,PT,epithelial cells,proximal tubules
372,TGCCGAAAGCGTATTC-1,dPT,PT,epithelial cells,proximal tubules
373,TGCCTAAATTTAATAG-1,dFIB,FIB,stroma cells,interstitium
374,TGCGCCGTTAATAACG-1,MYOF,FIB,stroma cells,interstitium
375,TGCGTAAGAACCTGAT-1,dPT,PT,epithelial cells,proximal tubules
376,TGCGTTTGTTGACACT-1,DTL2,DTL,epithelial cells,intermediate tubules
377,TGCTGTTGAAGAACTC-1,C-TAL,TAL,epithelial cells,Distal tubules
378,TGGAAGAAGGGAACGT-1,C-IC-A,IC,epithelial cells,Collecting tubules
379,TGGACTGTTCGCTCAA-1,M-TAL,TAL,epithelial cells,Distal tubules
380,TGGCAGCAGTAATAGT-1,PT-S3,PT,epithelial cells,proximal tubules
381,TGTACGAACAAATCCG-1,M-TAL,TAL,epithelial cells,Distal tubules
382,TTAACTTCAGGTAGGA-1,dPT,PT,epithelial cells,proximal tubules
383,TTACATGCCACAACTA-1,dM-PC,PC,epithelial cells,Collecting tubules
384,TTACTCTGGTACGTAC-1,dM-TAL,TAL,epithelial cells,Distal tubules
385,TTAGCTGATTTGCCGT-1,EC-DVR,EC,endothelial cells,vessels
386,TTATATACGCTGTCAC-1,M-TAL,TAL,epithelial cells,Distal tubules
387,TTATGAATGAAAGGGA-1,M-TAL,TAL,epithelial cells,Distal tubules
388,TTATGATCTTAACGAA-1,C-TAL,TAL,epithelial cells,Distal tubules
389,TTCAATACTCTGAATC-1,M-TAL,TAL,epithelial cells,Distal tubules
390,TTCACGAAAGGATCAC-1,C-TAL,TAL,epithelial cells,Distal tubules
391,TTCCGGTATCTGTGTC-1,dPT,PT,epithelial cells,proximal tubules
392,TTCGCTAGGAAGTTGT-1,MYOF,FIB,stroma cells,interstitium
393,TTCTGCGGGTTAGCGG-1,M-TAL,TAL,epithelial cells,Distal tubules
394,TTGAATTCACGTGAGG-1,EC-PTC,EC,endothelial cells,vessels
395,TTGACATGAACGTGGA-1,dPT,PT,epithelial cells,proximal tubules
396,TTGACGCTCCATGAGC-1,EC-DVR,EC,endothelial cells,vessels
397,TTGACTACCATATGGT-1,dPT,PT,epithelial cells,proximal tubules
398,TTGAGAGTACTGCTAA-1,dPT,PT,epithelial cells,proximal tubules
399,TTGAGCGCCACGTGAT-1,dFIB,FIB,stroma cells,interstitium
400,TTGAGTCCCGCTGCTG-1,MYOF,FIB,stroma cells,interstitium
401,TTGCACAATTCAGAAA-1,MD,TAL,epithelial cells,Distal tubules
402,TTGCATGCTGATCACG-1,dPT,PT,epithelial cells,proximal tubules
403,TTGGACATGTGGCTTA-1,dM-TAL,TAL,epithelial cells,Distal tubules
404,TTGGCGATCCGAATAT-1,MYOF,FIB,stroma cells,interstitium
405,TTGGTTCGCTCAAAGG-1,aFIB,FIB,stroma cells,interstitium
406,TTGTAAGGACCTAAGT-1,C-IC-A,IC,epithelial cells,Collecting tubules
407,TTGTTTCCATACAACT-1,C-TAL,TAL,epithelial cells,Distal tubules
